prompt type,score,response
doc_SQM,90,"90. The machine translation accurately conveys the meaning of the source text and is mostly fluent, with only minor errors in word choice and sentence structure."
doc_SQM,90,"90. 

The machine translation preserves most of the meaning and is mostly fluent. There are some minor differences in word choice and sentence structure, but the overall message is conveyed accurately."
doc_SQM,70,"Score: 70. 

The machine translation preserves most of the meaning of the source text and is mostly fluent, but there are some errors in word choice and grammar that make the sentence slightly awkward to read. For example, ""mit Füßen zu treten"" (to trample with feet) is not the same as ""zu zerreißen"" (to rip apart), and ""den Hammer an die Demokratie zu legen"" (to lay the hammer on democracy) is not a common expression in German. Additionally, the use of ""er"" instead of ""sie"" to refer to the BJP is incorrect."
doc_SQM,85,"85. 

The machine translation preserves most of the meaning and is mostly fluent. However, there are some minor differences in wording and phrasing compared to the human reference. For example, ""make us concerned"" instead of ""give us cause for concern"", ""remove a country from the list of places exempt from quarantine requirements"" instead of ""remove a country from the list of countries exempt from quarantine"", and ""protecting public health is our priority"" instead of ""the public health is our priority"". Overall, the translation is accurate and understandable."
doc_SQM,90,"90. 

The machine translation is mostly fluent and preserves most of the meaning of the source text. However, there are some minor differences in wording and phrasing compared to the human reference. For example, ""monitoring team"" is translated as ""Überwachungsabteilung"" instead of ""Überwachungsteam"", and ""high-profile attacks"" is translated as ""sensible Ziele"" instead of ""schwere Anschläge"". Nonetheless, the overall meaning is conveyed accurately and the grammar is correct."
doc_SQM,80,"80. 

The machine translation preserves most of the meaning of the original sentence and is mostly fluent. However, there are some minor differences in wording and phrasing that could be improved. For example, ""den Kürzeren ziehen"" is not an exact translation of ""going to be bad"" and ""very inhibiting"" is translated as ""very hemming"" which is not a common phrase in German."
doc_SQM,85,"85. 

The machine translation preserves most of the meaning of the original sentence and is mostly fluent. However, there are some minor errors in the translation, such as ""Vernehmungsbefehl"" instead of ""Verhörbefehl"" and ""Generalinspekteur"" instead of ""Generalinspektor""."
doc_SQM,90,"90. 

The machine translation preserves most of the meaning and is mostly fluent. There are some minor differences in word choice and sentence structure, but overall the translation accurately conveys the information from the source text."
doc_SQM,80,"80. 

The machine translation preserves most of the meaning and is mostly fluent. However, there are some minor errors in the translation, such as ""Kleingewerbesektor"" instead of ""kleine Unternehmen"" and ""ins Leere laufe"" instead of ""nicht in Schwung komme"". Additionally, the sentence structure is slightly different from the human reference."
doc_SQM,90,"90. The machine translation preserves most of the meaning and is mostly fluent, with only minor differences in word choice and sentence structure compared to the human reference."
doc_SQM,90,90. The machine translation preserves most of the meaning and is mostly fluent. There are only minor differences in word choice and sentence structure compared to the human reference.
