prompt type,score
DA_last_sent,90,"90. 

The machine translation is very close to the human reference, with only minor differences in wording and grammar. The meaning is preserved and the sentence is fluent."
DA_last_sent,90,"90. 

The machine translation accurately conveys the meaning of the original sentence and is grammatically correct. However, there are some minor differences in wording and phrasing compared to the human reference translation. For example, the machine translation uses ""Flug- und Reiseindustrie"" instead of ""Luftfahrt- und Reiseindustrie"" and ""sagten"" instead of ""äußerte sich"". Overall, the machine translation is very good and would be easily understandable to a native German speaker."
DA_last_sent,90,"90. 

The machine translation accurately conveys the meaning of the source text and is grammatically correct. However, there are some minor differences in word choice and sentence structure compared to the human reference translation."
DA_last_sent,90,"90. The machine translation is very close to the human reference, with only minor differences in wording and phrasing. The meaning and grammar are preserved and the translation is fluent."
DA_last_sent,90,"90. The machine translation is very close to the human reference, with only minor differences in word choice and sentence structure. The meaning and grammar are preserved well, and the translation is fluent."
DA_last_sent,90,"90. The machine translation is very close to the human reference, with only minor differences in wording and sentence structure. The meaning is preserved and the grammar is correct."
DA_last_sent,90,"90. The machine translation accurately conveys the meaning of the source text and uses appropriate grammar and vocabulary. However, there are some minor differences in phrasing and word choice that could be improved upon."
DA_last_sent,90,"90. The machine translation accurately conveys the meaning of the source text and is grammatically correct. However, there are some minor differences in wording and phrasing compared to the human reference translation."
DA_last_sent,90,"90. 

The machine translation is very close to the human reference, with only minor differences in wording and grammar. The meaning and fluency are preserved, and the overall message is conveyed accurately."
DA_last_sent,90,"90. 

The machine translation is very close to the human reference, with only minor differences in wording (""verschiedene Belege"" instead of ""einige Beweise"" and ""Smart Working"" instead of ""Telearbeit""). The meaning and grammar are preserved and the sentence is fluent."
DA_last_sent,90,"90. The machine translation accurately conveys the meaning of the source text and uses appropriate grammar and vocabulary. However, there are some minor differences in phrasing and word choice that could be improved upon."
